s{R[h͎s撬R[h,s{,s撬,N,[,j,,v,l
272159,{,Qs,2022/12/1,嗘فiP[j,1697,1934,3631,
272159,{,Qs,2022/12/1,ŕۈ牀iQ[j,1276,1404,2680,
272159,{,Qs,2022/12/1,_cفiR[j,1382,1469,2851,
272159,{,Qs,2022/12/1,swZiS[j,2407,2631,5038,
272159,{,Qs,2022/12/1,s񒆊wZiT[j,2150,2328,4478,
272159,{,Qs,2022/12/1,maWiU[j,1486,1557,3043,
272159,{,Qs,2022/12/1,skwZiV[j,2636,3057,5693,
272159,{,Qs,2022/12/1,فiW[j,2324,2815,5139,
272159,{,Qs,2022/12/1,sZwZiX[j,1565,1844,3409,
272159,{,Qs,2022/12/1,s΋uwZiPO[j,2468,2847,5315,
272159,{,Qs,2022/12/1,L쒬فiPP[j,1952,2029,3981,
272159,{,Qs,2022/12/1,΂ȂǂiPQ[j,1599,1734,3333,
272159,{,Qs,2022/12/1,swZiPR[j,2474,2671,5145,
272159,{,Qs,2022/12/1,sxawZiPS[j,2725,2827,5552,
272159,{,Qs,2022/12/1,QفiPT[j,1422,1653,3075,
272159,{,Qs,2022/12/1,slwZiPU[j,1766,1957,3723,
272159,{,Qs,2022/12/1,{cŏZSWiPV[j,2240,2752,4992,
272159,{,Qs,2022/12/1,QZ^[i18[j,1714,1783,3497,
272159,{,Qs,2022/12/1,swZiPX[j,2580,2987,5567,
272159,{,Qs,2022/12/1,܂ÂZ^[iQO[j,1788,1832,3620,
272159,{,Qs,2022/12/1,sctiQP[j,2552,2590,5142,
272159,{,Qs,2022/12/1,sOwZiQQ[j,2575,2749,5324,
272159,{,Qs,2022/12/1,skЭèiQR[j,2094,2397,4491,
272159,{,Qs,2022/12/1,G[ǂiQS[j,2278,2369,4647,
272159,{,Qs,2022/12/1,s[wZiQT[j,2617,2796,5413,
272159,{,Qs,2022/12/1,s掵wZiQU[j,2556,2634,5190,
272159,{,Qs,2022/12/1,s؉wZiQV[j,3245,3483,6728,
272159,{,Qs,2022/12/1,sܒwZiQW[j,3018,3245,6263,
272159,{,Qs,2022/12/1,swZiQX[j,1366,1608,2974,
272159,{,Qs,2022/12/1,sؓcwZiRO[j,1106,1188,2294,
272159,{,Qs,2022/12/1,sۈ珊iRP[j,1509,1657,3166,
272159,{,Qs,2022/12/1,sO䏬wZiRQ[j,1445,1907,3352,
272159,{,Qs,2022/12/1,srcwZiRR[j,2394,2444,4838,
272159,{,Qs,2022/12/1,sc䏬wZiRS[j,2771,2988,5759,
272159,{,Qs,2022/12/1,Ȃłۈ牀iRT[j,1500,1634,3134,
272159,{,Qs,2022/12/1,猤CZ^[i36[j,1832,2010,3842,
272159,{,Qs,2022/12/1,sawZiRV[j,2001,2145,4146,
272159,{,Qs,2022/12/1,rفiRW[j,1537,1608,3145,
272159,{,Qs,2022/12/1,s_쏬wZiRX[j,2576,2624,5200,
272159,{,Qs,2022/12/1,sꒆwZiSO[j,2689,2949,5638,
272159,{,Qs,2022/12/1,s㒆wZiSP[j,1144,1288,2432,
272159,{,Qs,2022/12/1,s\wZiSQ[j,1285,1479,2764,
272159,{,Qs,2022/12/1,swZiSR[j,1337,1367,2704,
272159,{,Qs,2022/12/1,Ђ܂ۈ牀iSS[j,2337,2644,4981,
272159,{,Qs,2022/12/1,s܏wZiST[j,2148,2454,4602,
272159,{,Qs,2022/12/1,sFJwZiSU[j,890,969,1859,
